component,linuxArm64Version,upstreamLicenseNotice,classification
aom,3.15.1,BSD 2-Clause + [Alliance for Open Media Patent License 1.0](https://aomedia.org/license/patent-license/),ATTRIBUTION REQUIRED
cairo,1.18.6,Mozilla Public License 1.1,REVIEW REQUIRED
cgif,0.5.4,MIT License,ATTRIBUTION REQUIRED
expat,2.8.5,MIT License,ATTRIBUTION REQUIRED
fontconfig,2.18.3,[fontconfig License](https://gitlab.freedesktop.org/fontconfig/fontconfig/blob/main/COPYING) (BSD-like),ATTRIBUTION REQUIRED
freetype,2.14.3,[freetype License](https://git.savannah.gnu.org/cgit/freetype/freetype2.git/tree/docs/FTL.TXT) (BSD-like),ATTRIBUTION REQUIRED
fribidi,1.0.17,LGPLv3,REVIEW REQUIRED
glib,2.90.0,LGPLv3,REVIEW REQUIRED
harfbuzz,14.5.0,MIT License,ATTRIBUTION REQUIRED
highway,1.4.0,BSD 3-Clause,ATTRIBUTION REQUIRED
lcms,2.19.1,MIT License,ATTRIBUTION REQUIRED
libarchive,3.8.9,BSD 2-Clause,ATTRIBUTION REQUIRED
libexif,0.6.26,LGPLv3,REVIEW REQUIRED
libffi,3.8.0,MIT License,ATTRIBUTION REQUIRED
libheif,1.23.5,LGPLv3,REVIEW REQUIRED
libimagequant,2.4.1,[BSD 2-Clause](https://github.com/lovell/libimagequant/blob/main/COPYRIGHT),ATTRIBUTION REQUIRED
libnsgif,not listed for this target,MIT License,ATTRIBUTION REQUIRED
libpng,1.6.58,[libpng License](https://github.com/pnggroup/libpng/blob/master/LICENSE),ATTRIBUTION REQUIRED
librsvg,2.63.2,LGPLv3,REVIEW REQUIRED
libtiff,4.7.2,[libtiff License](https://gitlab.com/libtiff/libtiff/blob/master/LICENSE.md) (BSD-like),ATTRIBUTION REQUIRED
libultrahdr,2.0.2,MIT License,ATTRIBUTION REQUIRED
libvips,8.18.7,LGPLv3,REVIEW REQUIRED
libwebp,1.6.0,New BSD License,ATTRIBUTION REQUIRED
libxml2,2.15.4,MIT License,ATTRIBUTION REQUIRED
mozjpeg,0826579,"[zlib License, IJG License, BSD 3-Clause](https://github.com/mozilla/mozjpeg/blob/master/LICENSE.md)",ATTRIBUTION REQUIRED
pango,1.58.2,LGPLv3,REVIEW REQUIRED
pixman,0.46.4,MIT License,ATTRIBUTION REQUIRED
proxy-libintl,0.5,LGPLv3,REVIEW REQUIRED
zlib-ng,2.3.3,[zlib License](https://github.com/zlib-ng/zlib-ng/blob/develop/LICENSE.md),ATTRIBUTION REQUIRED
