package,sourceLicense,license,classification,obligation
github.com/Azure/azure-sdk-for-go/sdk/azcore,https://github.com/Azure/azure-sdk-for-go/blob/sdk/azcore/v1.23.1/sdk/azcore/LICENSE.txt,MIT,ATTRIBUTION REQUIRED,Retain license/copyright and NOTICE where supplied; MPL file source obligations remain applicable.
github.com/Azure/azure-sdk-for-go/sdk/azidentity,https://github.com/Azure/azure-sdk-for-go/blob/sdk/azidentity/v1.14.1/sdk/azidentity/LICENSE.txt,MIT,ATTRIBUTION REQUIRED,Retain license/copyright and NOTICE where supplied; MPL file source obligations remain applicable.
github.com/Azure/azure-sdk-for-go/sdk/internal,https://github.com/Azure/azure-sdk-for-go/blob/sdk/internal/v1.12.0/sdk/internal/LICENSE.txt,MIT,ATTRIBUTION REQUIRED,Retain license/copyright and NOTICE where supplied; MPL file source obligations remain applicable.
github.com/Azure/azure-sdk-for-go/sdk/storage/azblob,https://github.com/Azure/azure-sdk-for-go/blob/sdk/storage/azblob/v1.8.0/sdk/storage/azblob/LICENSE.txt,MIT,ATTRIBUTION REQUIRED,Retain license/copyright and NOTICE where supplied; MPL file source obligations remain applicable.
github.com/Azure/go-ntlmssp,https://github.com/Azure/go-ntlmssp/blob/v0.1.1/LICENSE,MIT,ATTRIBUTION REQUIRED,Retain license/copyright and NOTICE where supplied; MPL file source obligations remain applicable.
github.com/AzureAD/microsoft-authentication-library-for-go/apps,https://github.com/AzureAD/microsoft-authentication-library-for-go/blob/v1.9.0/LICENSE,MIT,ATTRIBUTION REQUIRED,Retain license/copyright and NOTICE where supplied; MPL file source obligations remain applicable.
github.com/DataDog/datadog-go/v5/statsd,https://github.com/DataDog/datadog-go/blob/v5.9.1/LICENSE.txt,MIT,ATTRIBUTION REQUIRED,Retain license/copyright and NOTICE where supplied; MPL file source obligations remain applicable.
github.com/andybalholm/brotli,https://github.com/andybalholm/brotli/blob/v1.2.3/LICENSE,MIT,ATTRIBUTION REQUIRED,Retain license/copyright and NOTICE where supplied; MPL file source obligations remain applicable.
github.com/aws/aws-sdk-go-v2,https://github.com/aws/aws-sdk-go-v2/blob/v1.45.1/LICENSE.txt,Apache-2.0,ATTRIBUTION REQUIRED,Retain license/copyright and NOTICE where supplied; MPL file source obligations remain applicable.
github.com/aws/aws-sdk-go-v2/aws/protocol/eventstream,https://github.com/aws/aws-sdk-go-v2/blob/aws/protocol/eventstream/v1.7.20/aws/protocol/eventstream/LICENSE.txt,Apache-2.0,ATTRIBUTION REQUIRED,Retain license/copyright and NOTICE where supplied; MPL file source obligations remain applicable.
github.com/aws/aws-sdk-go-v2/config,https://github.com/aws/aws-sdk-go-v2/blob/config/v1.33.1/config/LICENSE.txt,Apache-2.0,ATTRIBUTION REQUIRED,Retain license/copyright and NOTICE where supplied; MPL file source obligations remain applicable.
github.com/aws/aws-sdk-go-v2/credentials,https://github.com/aws/aws-sdk-go-v2/blob/credentials/v1.20.1/credentials/LICENSE.txt,Apache-2.0,ATTRIBUTION REQUIRED,Retain license/copyright and NOTICE where supplied; MPL file source obligations remain applicable.
github.com/aws/aws-sdk-go-v2/feature/ec2/imds,https://github.com/aws/aws-sdk-go-v2/blob/feature/ec2/imds/v1.19.1/feature/ec2/imds/LICENSE.txt,Apache-2.0,ATTRIBUTION REQUIRED,Retain license/copyright and NOTICE where supplied; MPL file source obligations remain applicable.
github.com/aws/aws-sdk-go-v2/feature/s3/transfermanager,https://github.com/aws/aws-sdk-go-v2/blob/feature/s3/transfermanager/v0.4.1/feature/s3/transfermanager/LICENSE.txt,Apache-2.0,ATTRIBUTION REQUIRED,Retain license/copyright and NOTICE where supplied; MPL file source obligations remain applicable.
github.com/aws/aws-sdk-go-v2/internal/configsources,https://github.com/aws/aws-sdk-go-v2/blob/internal/configsources/v1.5.1/internal/configsources/LICENSE.txt,Apache-2.0,ATTRIBUTION REQUIRED,Retain license/copyright and NOTICE where supplied; MPL file source obligations remain applicable.
github.com/aws/aws-sdk-go-v2/internal/endpoints/v2,https://github.com/aws/aws-sdk-go-v2/blob/internal/endpoints/v2.8.1/internal/endpoints/v2/LICENSE.txt,Apache-2.0,ATTRIBUTION REQUIRED,Retain license/copyright and NOTICE where supplied; MPL file source obligations remain applicable.
github.com/aws/aws-sdk-go-v2/internal/sync/singleflight,https://github.com/aws/aws-sdk-go-v2/blob/v1.45.1/internal/sync/singleflight/LICENSE,BSD-3-Clause,ATTRIBUTION REQUIRED,Retain license/copyright and NOTICE where supplied; MPL file source obligations remain applicable.
github.com/aws/aws-sdk-go-v2/internal/v4a,https://github.com/aws/aws-sdk-go-v2/blob/internal/v4a/v1.5.1/internal/v4a/LICENSE.txt,Apache-2.0,ATTRIBUTION REQUIRED,Retain license/copyright and NOTICE where supplied; MPL file source obligations remain applicable.
github.com/aws/aws-sdk-go-v2/service/iam,https://github.com/aws/aws-sdk-go-v2/blob/service/iam/v1.61.1/service/iam/LICENSE.txt,Apache-2.0,ATTRIBUTION REQUIRED,Retain license/copyright and NOTICE where supplied; MPL file source obligations remain applicable.
github.com/aws/aws-sdk-go-v2/service/internal/accept-encoding,https://github.com/aws/aws-sdk-go-v2/blob/service/internal/accept-encoding/v1.13.19/service/internal/accept-encoding/LICENSE.txt,Apache-2.0,ATTRIBUTION REQUIRED,Retain license/copyright and NOTICE where supplied; MPL file source obligations remain applicable.
github.com/aws/aws-sdk-go-v2/service/internal/checksum,https://github.com/aws/aws-sdk-go-v2/blob/service/internal/checksum/v1.11.1/service/internal/checksum/LICENSE.txt,Apache-2.0,ATTRIBUTION REQUIRED,Retain license/copyright and NOTICE where supplied; MPL file source obligations remain applicable.
github.com/aws/aws-sdk-go-v2/service/internal/presigned-url,https://github.com/aws/aws-sdk-go-v2/blob/service/internal/presigned-url/v1.14.1/service/internal/presigned-url/LICENSE.txt,Apache-2.0,ATTRIBUTION REQUIRED,Retain license/copyright and NOTICE where supplied; MPL file source obligations remain applicable.
github.com/aws/aws-sdk-go-v2/service/internal/s3shared,https://github.com/aws/aws-sdk-go-v2/blob/service/internal/s3shared/v1.20.1/service/internal/s3shared/LICENSE.txt,Apache-2.0,ATTRIBUTION REQUIRED,Retain license/copyright and NOTICE where supplied; MPL file source obligations remain applicable.
github.com/aws/aws-sdk-go-v2/service/s3,https://github.com/aws/aws-sdk-go-v2/blob/service/s3/v1.109.1/service/s3/LICENSE.txt,Apache-2.0,ATTRIBUTION REQUIRED,Retain license/copyright and NOTICE where supplied; MPL file source obligations remain applicable.
github.com/aws/aws-sdk-go-v2/service/signin,https://github.com/aws/aws-sdk-go-v2/blob/service/signin/v1.7.1/service/signin/LICENSE.txt,Apache-2.0,ATTRIBUTION REQUIRED,Retain license/copyright and NOTICE where supplied; MPL file source obligations remain applicable.
github.com/aws/aws-sdk-go-v2/service/sso,https://github.com/aws/aws-sdk-go-v2/blob/service/sso/v1.35.1/service/sso/LICENSE.txt,Apache-2.0,ATTRIBUTION REQUIRED,Retain license/copyright and NOTICE where supplied; MPL file source obligations remain applicable.
github.com/aws/aws-sdk-go-v2/service/ssooidc,https://github.com/aws/aws-sdk-go-v2/blob/service/ssooidc/v1.40.1/service/ssooidc/LICENSE.txt,Apache-2.0,ATTRIBUTION REQUIRED,Retain license/copyright and NOTICE where supplied; MPL file source obligations remain applicable.
github.com/aws/aws-sdk-go-v2/service/sts,https://github.com/aws/aws-sdk-go-v2/blob/service/sts/v1.47.1/service/sts/LICENSE.txt,Apache-2.0,ATTRIBUTION REQUIRED,Retain license/copyright and NOTICE where supplied; MPL file source obligations remain applicable.
github.com/aws/smithy-go,https://github.com/aws/smithy-go/blob/v1.28.1/LICENSE,Apache-2.0,ATTRIBUTION REQUIRED,Retain license/copyright and NOTICE where supplied; MPL file source obligations remain applicable.
github.com/aws/smithy-go/internal/sync/singleflight,https://github.com/aws/smithy-go/blob/v1.28.1/internal/sync/singleflight/LICENSE,BSD-3-Clause,ATTRIBUTION REQUIRED,Retain license/copyright and NOTICE where supplied; MPL file source obligations remain applicable.
github.com/cespare/xxhash/v2,https://github.com/cespare/xxhash/blob/v2.3.0/LICENSE.txt,MIT,ATTRIBUTION REQUIRED,Retain license/copyright and NOTICE where supplied; MPL file source obligations remain applicable.
github.com/cpuguy83/go-md2man/v2/md2man,https://github.com/cpuguy83/go-md2man/blob/v2.0.7/LICENSE.md,MIT,ATTRIBUTION REQUIRED,Retain license/copyright and NOTICE where supplied; MPL file source obligations remain applicable.
github.com/davecgh/go-spew/spew,https://github.com/davecgh/go-spew/blob/v1.1.1/LICENSE,ISC,ATTRIBUTION REQUIRED,Retain license/copyright and NOTICE where supplied; MPL file source obligations remain applicable.
github.com/go-asn1-ber/asn1-ber,https://github.com/go-asn1-ber/asn1-ber/blob/v1.5.8/LICENSE,MIT,ATTRIBUTION REQUIRED,Retain license/copyright and NOTICE where supplied; MPL file source obligations remain applicable.
github.com/go-ldap/ldap/v3,https://github.com/go-ldap/ldap/blob/v3.4.14/v3/LICENSE,MIT,ATTRIBUTION REQUIRED,Retain license/copyright and NOTICE where supplied; MPL file source obligations remain applicable.
github.com/gofiber/fiber/v3,https://github.com/gofiber/fiber/blob/v3.5.0/LICENSE,MIT,ATTRIBUTION REQUIRED,Retain license/copyright and NOTICE where supplied; MPL file source obligations remain applicable.
github.com/gofiber/schema,https://github.com/gofiber/schema/blob/v1.8.4/LICENSE,BSD-3-Clause,ATTRIBUTION REQUIRED,Retain license/copyright and NOTICE where supplied; MPL file source obligations remain applicable.
github.com/gofiber/utils/v2,https://github.com/gofiber/utils/blob/v2.4.2/LICENSE,MIT,ATTRIBUTION REQUIRED,Retain license/copyright and NOTICE where supplied; MPL file source obligations remain applicable.
github.com/gofiber/utils/v2/simd,https://github.com/gofiber/utils/blob/v2.4.2/simd/LICENSE,MIT,ATTRIBUTION REQUIRED,Retain license/copyright and NOTICE where supplied; MPL file source obligations remain applicable.
github.com/golang-jwt/jwt/v5,https://github.com/golang-jwt/jwt/blob/v5.3.1/LICENSE,MIT,ATTRIBUTION REQUIRED,Retain license/copyright and NOTICE where supplied; MPL file source obligations remain applicable.
github.com/google/uuid,https://github.com/google/uuid/blob/v1.6.0/LICENSE,BSD-3-Clause,ATTRIBUTION REQUIRED,Retain license/copyright and NOTICE where supplied; MPL file source obligations remain applicable.
github.com/hashicorp/go-cleanhttp,https://github.com/hashicorp/go-cleanhttp/blob/v0.5.2/LICENSE,MPL-2.0,ATTRIBUTION REQUIRED,Retain license/copyright and NOTICE where supplied; MPL file source obligations remain applicable.
github.com/hashicorp/go-retryablehttp,https://github.com/hashicorp/go-retryablehttp/blob/v0.7.8/LICENSE,MPL-2.0,ATTRIBUTION REQUIRED,Retain license/copyright and NOTICE where supplied; MPL file source obligations remain applicable.
github.com/hashicorp/go-rootcerts,https://github.com/hashicorp/go-rootcerts/blob/v1.0.2/LICENSE,MPL-2.0,ATTRIBUTION REQUIRED,Retain license/copyright and NOTICE where supplied; MPL file source obligations remain applicable.
github.com/hashicorp/go-secure-stdlib/strutil,https://github.com/hashicorp/go-secure-stdlib/blob/strutil/v0.1.2/strutil/LICENSE,MPL-2.0,ATTRIBUTION REQUIRED,Retain license/copyright and NOTICE where supplied; MPL file source obligations remain applicable.
github.com/hashicorp/vault-client-go,https://github.com/hashicorp/vault-client-go/blob/v0.4.3/LICENSE,MPL-2.0,ATTRIBUTION REQUIRED,Retain license/copyright and NOTICE where supplied; MPL file source obligations remain applicable.
github.com/klauspost/compress,https://github.com/klauspost/compress/blob/v1.19.2/LICENSE,MIT,ATTRIBUTION REQUIRED,Retain license/copyright and NOTICE where supplied; MPL file source obligations remain applicable.
github.com/klauspost/compress,https://github.com/klauspost/compress/blob/v1.19.2/LICENSE,Apache-2.0,ATTRIBUTION REQUIRED,Retain license/copyright and NOTICE where supplied; MPL file source obligations remain applicable.
github.com/klauspost/compress,https://github.com/klauspost/compress/blob/v1.19.2/LICENSE,BSD-3-Clause,ATTRIBUTION REQUIRED,Retain license/copyright and NOTICE where supplied; MPL file source obligations remain applicable.
github.com/klauspost/compress/internal/snapref,https://github.com/klauspost/compress/blob/v1.19.2/internal/snapref/LICENSE,BSD-3-Clause,ATTRIBUTION REQUIRED,Retain license/copyright and NOTICE where supplied; MPL file source obligations remain applicable.
github.com/klauspost/compress/s2,https://github.com/klauspost/compress/blob/v1.19.2/s2/LICENSE,BSD-3-Clause,ATTRIBUTION REQUIRED,Retain license/copyright and NOTICE where supplied; MPL file source obligations remain applicable.
github.com/klauspost/compress/snappy,https://github.com/klauspost/compress/blob/v1.19.2/snappy/LICENSE,BSD-3-Clause,ATTRIBUTION REQUIRED,Retain license/copyright and NOTICE where supplied; MPL file source obligations remain applicable.
github.com/klauspost/compress/zstd/internal/xxhash,https://github.com/klauspost/compress/blob/v1.19.2/zstd/internal/xxhash/LICENSE.txt,MIT,ATTRIBUTION REQUIRED,Retain license/copyright and NOTICE where supplied; MPL file source obligations remain applicable.
github.com/kylelemons/godebug,https://github.com/kylelemons/godebug/blob/v1.1.0/LICENSE,Apache-2.0,ATTRIBUTION REQUIRED,Retain license/copyright and NOTICE where supplied; MPL file source obligations remain applicable.
github.com/mattn/go-colorable,https://github.com/mattn/go-colorable/blob/v0.1.15/LICENSE,MIT,ATTRIBUTION REQUIRED,Retain license/copyright and NOTICE where supplied; MPL file source obligations remain applicable.
github.com/mattn/go-isatty,https://github.com/mattn/go-isatty/blob/v0.0.24/LICENSE,MIT,ATTRIBUTION REQUIRED,Retain license/copyright and NOTICE where supplied; MPL file source obligations remain applicable.
github.com/nats-io/nats.go,https://github.com/nats-io/nats.go/blob/v1.53.1/LICENSE,Apache-2.0,ATTRIBUTION REQUIRED,Retain license/copyright and NOTICE where supplied; MPL file source obligations remain applicable.
github.com/nats-io/nkeys,https://github.com/nats-io/nkeys/blob/v0.4.16/LICENSE,Apache-2.0,ATTRIBUTION REQUIRED,Retain license/copyright and NOTICE where supplied; MPL file source obligations remain applicable.
github.com/nats-io/nuid,https://github.com/nats-io/nuid/blob/v1.0.1/LICENSE,Apache-2.0,ATTRIBUTION REQUIRED,Retain license/copyright and NOTICE where supplied; MPL file source obligations remain applicable.
github.com/oklog/ulid/v2,https://github.com/oklog/ulid/blob/v2.1.2/LICENSE,Apache-2.0,ATTRIBUTION REQUIRED,Retain license/copyright and NOTICE where supplied; MPL file source obligations remain applicable.
github.com/philhofer/fwd,https://github.com/philhofer/fwd/blob/v1.2.0/LICENSE.md,MIT,ATTRIBUTION REQUIRED,Retain license/copyright and NOTICE where supplied; MPL file source obligations remain applicable.
github.com/pierrec/lz4/v4,https://github.com/pierrec/lz4/blob/v4.1.29/LICENSE,BSD-3-Clause,ATTRIBUTION REQUIRED,Retain license/copyright and NOTICE where supplied; MPL file source obligations remain applicable.
github.com/pkg/browser,https://github.com/pkg/browser/blob/5ac0b6a4141c/LICENSE,BSD-2-Clause,ATTRIBUTION REQUIRED,Retain license/copyright and NOTICE where supplied; MPL file source obligations remain applicable.
github.com/pkg/xattr,https://github.com/pkg/xattr/blob/v0.4.12/LICENSE,BSD-2-Clause,ATTRIBUTION REQUIRED,Retain license/copyright and NOTICE where supplied; MPL file source obligations remain applicable.
github.com/rabbitmq/amqp091-go,https://github.com/rabbitmq/amqp091-go/blob/v1.14.0/LICENSE,BSD-2-Clause,ATTRIBUTION REQUIRED,Retain license/copyright and NOTICE where supplied; MPL file source obligations remain applicable.
github.com/russross/blackfriday/v2,https://github.com/russross/blackfriday/blob/v2.1.0/LICENSE.txt,BSD-2-Clause,ATTRIBUTION REQUIRED,Retain license/copyright and NOTICE where supplied; MPL file source obligations remain applicable.
github.com/ryanuber/go-glob,https://github.com/ryanuber/go-glob/blob/v1.0.0/LICENSE,MIT,ATTRIBUTION REQUIRED,Retain license/copyright and NOTICE where supplied; MPL file source obligations remain applicable.
github.com/segmentio/kafka-go,https://github.com/segmentio/kafka-go/blob/v0.4.51/LICENSE,MIT,ATTRIBUTION REQUIRED,Retain license/copyright and NOTICE where supplied; MPL file source obligations remain applicable.
github.com/smira/go-statsd,https://github.com/smira/go-statsd/blob/v1.3.4/LICENSE,MIT,ATTRIBUTION REQUIRED,Retain license/copyright and NOTICE where supplied; MPL file source obligations remain applicable.
github.com/tinylib/msgp/msgp,https://github.com/tinylib/msgp/blob/v1.6.4/LICENSE,MIT,ATTRIBUTION REQUIRED,Retain license/copyright and NOTICE where supplied; MPL file source obligations remain applicable.
github.com/urfave/cli/v2,https://github.com/urfave/cli/blob/v2.27.7/LICENSE,MIT,ATTRIBUTION REQUIRED,Retain license/copyright and NOTICE where supplied; MPL file source obligations remain applicable.
github.com/valyala/bytebufferpool,https://github.com/valyala/bytebufferpool/blob/v1.0.0/LICENSE,MIT,ATTRIBUTION REQUIRED,Retain license/copyright and NOTICE where supplied; MPL file source obligations remain applicable.
github.com/valyala/fasthttp,https://github.com/valyala/fasthttp/blob/v1.73.0/LICENSE,MIT,ATTRIBUTION REQUIRED,Retain license/copyright and NOTICE where supplied; MPL file source obligations remain applicable.
github.com/valyala/fasthttp/reuseport,https://github.com/valyala/fasthttp/blob/v1.73.0/reuseport/LICENSE,MIT,ATTRIBUTION REQUIRED,Retain license/copyright and NOTICE where supplied; MPL file source obligations remain applicable.
github.com/versity/versitygw,https://github.com/versity/versitygw/blob/v1.8.0/LICENSE,Apache-2.0,ATTRIBUTION REQUIRED,Retain license/copyright and NOTICE where supplied; MPL file source obligations remain applicable.
github.com/xrash/smetrics,https://github.com/xrash/smetrics/blob/55b8f293f342/LICENSE,MIT,ATTRIBUTION REQUIRED,Retain license/copyright and NOTICE where supplied; MPL file source obligations remain applicable.
github.com/zeebo/xxh3,https://github.com/zeebo/xxh3/blob/v1.1.0/LICENSE,BSD-2-Clause,ATTRIBUTION REQUIRED,Retain license/copyright and NOTICE where supplied; MPL file source obligations remain applicable.
golang.org/x/crypto,https://cs.opensource.google/go/x/crypto/+/v0.55.0:LICENSE,BSD-3-Clause,ATTRIBUTION REQUIRED,Retain license/copyright and NOTICE where supplied; MPL file source obligations remain applicable.
golang.org/x/net,https://cs.opensource.google/go/x/net/+/v0.58.0:LICENSE,BSD-3-Clause,ATTRIBUTION REQUIRED,Retain license/copyright and NOTICE where supplied; MPL file source obligations remain applicable.
golang.org/x/sync,https://cs.opensource.google/go/x/sync/+/v0.22.0:LICENSE,BSD-3-Clause,ATTRIBUTION REQUIRED,Retain license/copyright and NOTICE where supplied; MPL file source obligations remain applicable.
golang.org/x/sys/unix,https://cs.opensource.google/go/x/sys/+/v0.47.0:LICENSE,BSD-3-Clause,ATTRIBUTION REQUIRED,Retain license/copyright and NOTICE where supplied; MPL file source obligations remain applicable.
golang.org/x/text,https://cs.opensource.google/go/x/text/+/v0.41.0:LICENSE,BSD-3-Clause,ATTRIBUTION REQUIRED,Retain license/copyright and NOTICE where supplied; MPL file source obligations remain applicable.
golang.org/x/time/rate,https://cs.opensource.google/go/x/time/+/v0.15.0:LICENSE,BSD-3-Clause,ATTRIBUTION REQUIRED,Retain license/copyright and NOTICE where supplied; MPL file source obligations remain applicable.
